numOfTV,GIC_Coverage,FLT_Coverage,
0,0,0
1,0.27277,0.136805
2,0.531925,0.320683
3,0.583568,0.333628
4,0.620188,0.4416
5,0.687793,0.520447
6,0.720657,0.558694
7,0.782629,0.588114
8,0.796244,0.593998
9,0.815962,0.619594
10,0.821596,0.623713
11,0.826291,0.632245
12,0.830516,0.633127
13,0.833803,0.641365
14,0.837559,0.645778
15,0.838028,0.649014
16,0.842254,0.655193
17,0.842723,0.655781
18,0.846479,0.657252
19,0.846948,0.661077
20,0.847418,0.667843
21,0.847887,0.669903
22,0.847887,0.675199
23,0.847887,0.675199
24,0.848826,0.67667
25,0.877934,0.728744
26,0.877934,0.73198
27,0.878873,0.73198
28,0.879343,0.73198
29,0.879812,0.73198
30,0.880282,0.73198
31,0.887793,0.752868
32,0.888732,0.752868
33,0.889202,0.752868
34,0.889202,0.752868
35,0.889671,0
36,0.889671,0
37,0.889671,0
38,0.889671,0
39,0.889671,0
40,0.889671,0
41,0.889671,0
42,0.889671,0
43,0.889671,0
44,0.889671,0
45,0.890141,0
46,0.89061,0
47,0.89061,0
48,0.89061,0
49,0.89061,0
50,0.89061,0
51,0.89061,0
52,0.89061,0
53,0.89061,0
54,0.893897,0
55,0.893897,0
56,0.893897,0
57,0.896244,0
58,0.902817,0
59,0.902817,0
60,0.902817,0
61,0.902817,0
62,0.902817,0
63,0.902817,0
64,0.902817,0
65,0.902817,0
66,0.902817,0
67,0.902817,0
68,0.902817,0
69,0.902817,0
70,0.902817,0
71,0.902817,0
72,0.902817,0
73,0.902817,0
74,0.902817,0
75,0.902817,0
76,0.902817,0
77,0.902817,0
78,0.902817,0
79,0.902817,0
80,0.902817,0
81,0.902817,0
82,0.902817,0
83,0.902817,0
84,0.902817,0
85,0.90939,0
86,0.90939,0
87,0.90939,0
88,0.90939,0
89,0.90939,0
90,0.913615,0
91,0.913615,0
92,0.913615,0
93,0.917371,0
94,0.91784,0
95,0.91784,0
96,0.91784,0
97,0.91784,0
98,0.91784,0
99,0.91784,0
100,0.91784,0
101,0.91784,0
102,0.924883,0
103,0.924883,0
104,0.925822,0
105,0.925822,0
106,0.925822,0
107,0.925822,0
108,0.932864,0
109,0.932864,0
110,0.932864,0
111,0.932864,0
112,0.932864,0
113,0.933803,0
114,0.933803,0
115,0.933803,0
116,0.933803,0
117,0.933803,0
118,0.933803,0
119,0.933803,0
120,0.933803,0
121,0.933803,0
122,0.933803,0
123,0.933803,0
124,0.933803,0
125,0.933803,0
126,0.933803,0
127,0.933803,0
128,0.934272,0
129,0.934272,0
130,0.934272,0
131,0.934272,0
132,0.934272,0
133,0.934272,0
134,0.934272,0
135,0.934272,0
136,0.934272,0
137,0.934272,0
138,0.934272,0
139,0.934272,0
140,0.934272,0
141,0.934272,0
142,0.934272,0
143,0.934272,0
144,0.937559,0
145,0.937559,0
146,0.937559,0
147,0.937559,0
148,0.943662,0
149,0.951643,0
150,0.951643,0
151,0.951643,0
152,0.951643,0
153,0.951643,0
154,0.951643,0
155,0.951643,0
156,0.951643,0
157,0.956808,0
158,0.956808,0
159,0.957277,0
160,0.957277,0
161,0.957277,0
162,0.957277,0
163,0.957277,0
164,0.957277,0
165,0.957277,0
166,0.957277,0
167,0.957277,0
168,0.957277,0
169,0.957277,0
170,0.957277,0
171,0.957277,0
172,0.957277,0
173,0.957277,0
174,0.957277,0
175,0.957277,0
176,0.957277,0
177,0.957277,0
178,0.957277,0
179,0.957277,0
180,0.957277,0
181,0.957277,0
182,0.957277,0
183,0.957277,0
184,0.957277,0
185,0.957277,0
186,0.957277,0
187,0.957277,0
188,0.957277,0
189,0.957277,0
190,0.957277,0
191,0.957277,0
192,0.957277,0
193,0.957277,0
194,0.957277,0
195,0.957746,0
196,0.957746,0
197,0.957746,0
198,0.957746,0
199,0.957746,0
200,0.957746,0
201,0.957746,0
202,0.957746,0
203,0.957746,0
204,0.957746,0
205,0.957746,0
206,0.957746,0
207,0.957746,0
208,0.957746,0
209,0.957746,0
210,0.957746,0
211,0.957746,0
212,0.957746,0
213,0.957746,0
214,0.957746,0
215,0.957746,0
216,0.957746,0
217,0.957746,0
218,0.958216,0
219,0.958216,0
220,0.958685,0
221,0.961972,0
222,0.961972,0
223,0.962911,0
224,0.964319,0
225,0.964319,0
226,0.964789,0
227,0.964789,0
228,0.966197,0
229,0.966197,0
230,0.966197,0
231,0.966197,0
232,0.966197,0
233,0.966197,0
234,0.966197,0
235,0.966197,0
236,0.966197,0
237,0.966197,0
238,0.966197,0
239,0.966197,0
240,0.966197,0
241,0.966197,0
242,0.966197,0
243,0.966197,0
244,0.966197,0
245,0.966197,0
246,0.966197,0
247,0.966197,0
248,0.966197,0
249,0.966197,0
250,0.966197,0
251,0.966197,0
252,0.966197,0
253,0.966197,0
254,0.966197,0
255,0.966197,0
256,0.966197,0
257,0.966197,0
258,0.966197,0
259,0.966197,0
260,0.966197,0
261,0.966197,0
262,0.966197,0
263,0.966197,0
264,0.966197,0
265,0.966197,0
266,0.966197,0
267,0.966197,0
268,0.966197,0
269,0.966197,0
270,0.966197,0
271,0.967136,0
272,0.967136,0
273,0.967136,0
274,0.967136,0
275,0.967136,0
276,0.967136,0
277,0.967136,0
278,0.967136,0
279,0.967136,0
280,0.967136,0
281,0.967136,0
282,0.967136,0
283,0.967136,0
284,0.967136,0
285,0.967606,0
286,0.968545,0
287,0.968545,0
288,0.968545,0
289,0.968545,0
290,0.968545,0
291,0.968545,0
292,0.968545,0
293,0.968545,0
294,0.968545,0
295,0.968545,0
296,0.968545,0
297,0.968545,0
298,0.968545,0
299,0.968545,0
300,0.968545,0
301,0.968545,0
302,0.968545,0
303,0.968545,0
304,0.968545,0
305,0.968545,0
306,0.968545,0
307,0.968545,0
308,0.968545,0
309,0.968545,0
310,0.968545,0
311,0.968545,0
312,0.968545,0
313,0.968545,0
314,0.968545,0
315,0.968545,0
316,0.968545,0
317,0.968545,0
318,0.968545,0
319,0.968545,0
320,0.968545,0
321,0.969014,0
322,0.969014,0
323,0.969014,0
324,0.969014,0
325,0.969014,0
326,0.969014,0
327,0.971831,0
328,0.971831,0
329,0.971831,0
330,0.971831,0
331,0.971831,0
332,0.971831,0
333,0.971831,0
334,0.971831,0
335,0.971831,0
336,0.971831,0
337,0.971831,0
338,0.971831,0
339,0.971831,0
340,0.971831,0
341,0.971831,0
342,0.971831,0
343,0.971831,0
344,0.971831,0
345,0.971831,0
346,0.971831,0
347,0.971831,0
348,0.971831,0
349,0.971831,0
350,0.971831,0
351,0.9723,0
352,0.9723,0
353,0.9723,0
354,0.9723,0
355,0.9723,0
356,0.9723,0
357,0.9723,0
358,0.9723,0
359,0.9723,0
360,0.9723,0
361,0.9723,0
362,0.9723,0
363,0.9723,0
364,0.9723,0
365,0.9723,0
366,0.9723,0
367,0.9723,0
368,0.9723,0
369,0.9723,0
370,0.9723,0
371,0.9723,0
372,0.9723,0
373,0.9723,0
374,0.9723,0
375,0.9723,0
376,0.97277,0
377,0.97277,0
378,0.97277,0
379,0.97277,0
380,0.97277,0
381,0.97277,0
382,0.97277,0
383,0.97277,0
384,0.97277,0
385,0.97277,0
386,0.97277,0
387,0.97277,0
388,0.97277,0
389,0.974648,0
390,0.974648,0
391,0.974648,0
392,0.974648,0
393,0.974648,0
394,0.974648,0
395,0.974648,0
396,0.974648,0
397,0.974648,0
398,0.974648,0
399,0.974648,0
400,0.975117,0
401,0.975117,0
402,0.975117,0
403,0.975117,0
404,0.975117,0
405,0.975117,0
406,0.975117,0
407,0.975117,0
408,0.975117,0
409,0.975117,0
410,0.975117,0
411,0.975117,0
412,0.975117,0
413,0.975117,0
414,0.975117,0
415,0.975117,0
416,0.975587,0
417,0.975587,0
418,0.975587,0
419,0.975587,0
420,0.975587,0
421,0.975587,0
422,0.975587,0
423,0.975587,0
424,0.975587,0
425,0.975587,0
426,0.975587,0
427,0.975587,0
428,0.975587,0
429,0.975587,0
430,0.975587,0
431,0.975587,0
432,0.975587,0
433,0.975587,0
434,0.975587,0
435,0.975587,0
436,0.975587,0
437,0.975587,0
438,0.975587,0
439,0.975587,0
440,0.975587,0
441,0.975587,0
442,0.975587,0
443,0.975587,0
444,0.975587,0
445,0.975587,0
446,0.975587,0
447,0.975587,0
448,0.975587,0
449,0.975587,0
450,0.975587,0
451,0.975587,0
452,0.975587,0
453,0.975587,0
454,0.975587,0
455,0.975587,0
456,0.975587,0
457,0.975587,0
458,0.975587,0
459,0.975587,0
460,0.975587,0
461,0.975587,0
462,0.975587,0
463,0.975587,0
464,0.975587,0
465,0.975587,0
466,0.975587,0
467,0.975587,0
468,0.975587,0
469,0.975587,0
470,0.975587,0
471,0.975587,0
472,0.975587,0
473,0.975587,0
474,0.975587,0
475,0.975587,0
476,0.975587,0
477,0.975587,0
478,0.975587,0
479,0.975587,0
480,0.975587,0
481,0.975587,0
482,0.975587,0
483,0.975587,0
484,0.975587,0
485,0.975587,0
486,0.976056,0
487,0.976056,0
488,0.976056,0
489,0.976056,0
490,0.976056,0
491,0.976056,0
492,0.976056,0
493,0.976056,0
494,0.976056,0
495,0.976526,0
496,0.976526,0
497,0.976526,0
498,0.976526,0
499,0.976526,0
500,0.976526,0
